name,loop_start_sec,loop_end_sec
SM3DW_Airship_Edit,23.999958,87.428333
SM3DW_Airship,23.999958,87.428333
SM3DW_Airship_Hurry,5.080208,59.232271
SM3DW_Athletic_Edit,14.108271,58.108292
SM3DW_Athletic,14.108271,58.108292
SM3DW_Athletic_Hurry,3.408437,40.591563
SM3DW_Castle_Edit,21.044458,86.501479
SM3DW_Castle,21.044458,86.501479
SM3DW_Castle_Hurry,0.009773,54.805465
SM3DW_Desert_Edit,4.137914,62.06898
SM3DW_Desert,4.137914,62.06898
SM3DW_Desert_Hurry,0.000375,48.345729
SM3DW_GhostHouse_Edit,32.140958,128.568417
SM3DW_GhostHouse,32.140958,128.568417
SM3DW_GhostHouse_Hurry,5.32517,85.919728
SM3DW_Otoasobi_Bonus,5.30059,33.531134
SM3DW_Otoasobi_BonusHurry,5.485669,27.428549
SM3DW_Otoasobi_Boss,5.288844,57.595964
SM3DW_Otoasobi_BossHurry,6.076304,51.409388
SM3DW_Otoasobi_LastBoss,63.364989,77.955238
SM3DW_Otoasobi_LastBossHurry,52.31322,64.323673
SM3DW_Ground_Edit,5.894125,59.465562
SM3DW_Ground,5.894125,59.465562
SM3DW_Ground_Hurry,2.639625,62.652354
SM3DW_Snow_Edit,3.923437,53.769417
SM3DW_Snow,3.923437,53.769417
SM3DW_Snow_Hurry,0.010188,43.210062
SM3DW_Star,12.690907,27.774603
SM3DW_Underground_Edit,11.346146,66.730792
SM3DW_Underground,11.346146,66.730792
SM3DW_Underground_Hurry,0.64325,46.840333
SM3DW_Underwater_Edit,10.619479,70.088521
SM3DW_Underwater,10.619479,70.088521
SM3DW_Underwater_Hurry,0.002479,50.526729
SM3DW_Woods_Edit,4.931497,83.835601
SM3DW_Woods,4.931497,83.835601
SM3DW_Woods_Hurry,0.00125,65.452833
SMB1_Airship_Edit,8.0,72.0
SMB1_Airship,8.0,72.0
SMB1_Airship_Hurry,2.999583,26.999542
SMB1_Airship_Moon_Hurry,2.999583,26.999542
SMB1_Airship_Moon,8.0,72.0
SMB1_Athletic_Edit,4.776042,66.865604
SMB1_Athletic,2.388063,64.477625
SMB1_Athletic_Hurry,2.181812,58.909104
SMB1_Athletic_Moon_Hurry,4.363542,61.090833
SMB1_Athletic_Moon,4.776042,66.865604
SMB1_Castle_Edit,10.751125,42.751125
SMB1_Castle,10.751125,42.751125
SMB1_Castle_Hurry,6.45975,12.850875
SMB1_Castle_Moon_Hurry,6.45975,12.850875
SMB1_Castle_Moon,10.751125,42.751125
SMB1_Desert_Edit,4.965542,44.689667
SMB1_Desert,3.313229,43.037354
SMB1_Desert_Hurry,2.666958,34.666958
SMB1_Desert_Moon_Hurry,2.666667,34.666667
SMB1_Desert_Moon,3.310354,43.034479
SMB1_GhostHouse_Edit,10.666646,95.999958
SMB1_GhostHouse,10.666646,95.999958
SMB1_GhostHouse_Hurry,0.000208,27.434583
SMB1_GhostHouse_Moon_Hurry,4.2e-05,27.434417
SMB1_GhostHouse_Moon,10.666646,95.999958
SMB1_Link_Boss,0.331896,21.630021
SMB1_Link_Boss_Hurry,0.247333,16.492667
SMB1_Link_Castle,3.795833,26.158938
SMB1_Link_Castle_Hurry,3.429625,23.707458
SMB1_Link_LastBoss,0.499667,16.490188
SMB1_Link_LastBoss_Hurry,0.422583,13.854417
SMB1_Link_Plain,6.789833,38.737271
SMB1_Link_Ground_Hurry,5.784333,33.083396
SMB1_Link_Underground,0.167375,19.468542
SMB1_Link_Underground_Hurry,0.143792,17.221042
SMB1_Otoasobi_Bonus,0.000125,14.377094
SMB1_Otoasobi_Boss,6.021746,18.800726
SMB1_Otoasobi_BossHurry,4.988934,15.63839
SMB1_Otoasobi_Link_Bonus,3.094396,38.171729
SMB1_Otoasobi_Link_BonusHurry,2.545354,31.302604
SMB1_Otoasobi_Link_Healing,3.084875,27.661333
SMB1_Ground_Edit,2.396937,88.796937
SMB1_Ground,2.396937,88.796937
SMB1_Ground_Hurry,1.597938,59.105208
SMB1_Ground_Moon_Hurry,1.596083,59.103354
SMB1_Ground_Moon,2.396937,88.796937
SMB1_Snow_Edit,5.818187,52.363625
SMB1_Snow,5.818187,52.363625
SMB1_Snow_Hurry,4.8,43.2
SMB1_Snow_Moon_Hurry,9.45,47.85
SMB1_Snow_Moon,11.454562,58.0
SMB1_Star,3.203813,6.394188
SMB1_Underwater_Edit,1.602521,52.802521
SMB1_Underwater,1.602521,52.802521
SMB1_Underwater_Hurry,0.000687,19.170708
SMB1_Underwater_Moon_Hurry,0.000687,19.170708
SMB1_Underwater_Moon,1.602521,52.802521
SMB1_Woods_Edit,1.198542,39.598542
SMB1_Woods,1.198542,39.598542
SMB1_Woods_Hurry,1.062458,35.195792
SMB1_Woods_Moon_Hurry,1.066667,35.2
SMB1_Woods_Moon,1.2,39.6
SMB3_Airship_Edit,2.133313,61.866625
SMB3_Airship,2.133313,61.866625
SMB3_Airship_Hurry,27.956417,55.909813
SMB3_Airship_Moon_Hurry,27.956417,55.909813
SMB3_Airship_Moon,2.133313,61.866625
SMB3_Athletic_Edit,6.98825,37.737854
SMB3_Athletic,3.207458,33.957062
SMB3_Athletic_Hurry,2.995062,28.619542
SMB3_Athletic_Moon_Hurry,2.995062,28.619542
SMB3_Athletic_Moon,3.195417,33.945021
SMB3_Castle_Edit,9.582937,45.78525
SMB3_Castle,9.582937,45.78525
SMB3_Castle_Moon,9.582937,45.78525
SMB3_Desert_Edit,6.404292,57.604292
SMB3_GhostHouse_Edit,9.6,86.4
SMB3_GhostHouse,9.6,86.4
SMB3_GhostHouse_Hurry,2.956708,30.38525
SMB3_GhostHouse_Moon_Hurry,3.428458,30.857
SMB3_Haunted_Moon,9.6,86.4
SMB3_Otoasobi_Bonus,0.005533,8.524807
SMB3_Otoasobi_Boss,4.675102,20.649025
SMB3_Otoasobi_BossHurry,4.493651,18.870431
SMB3_Otoasobi_LastBoss,1.863604,46.589958
SMB3_Otoasobi_LastBossHurry,1.597375,27.155292
SMB3_Ground_Edit,6.4,57.6
SMB3_Ground,6.4,57.6
SMB3_Ground_Hurry,6.655896,27.954771
SMB3_Ground_Moon_Hurry,6.655896,27.954771
SMB3_Ground_Moon,6.400458,32.000458
SMB3_Shopping,12.802222,25.581293
SMB3_Snow_Edit,6.195396,43.697021
SMB3_Snow,6.195396,43.697021
SMB3_Snow_Hurry,7.091396,39.036708
SMB3_Snow_Moon_Hurry,7.091396,39.036708
SMB3_Snow_Moon,6.250375,43.752
SMB3_Underground_Hurry,15.958063,32.981208
SMB3_Underground_Moon_Hurry,15.960354,32.9835
SMB3_Underwater_Edit,5.356646,56.330125
SMB3_Underwater,5.356646,56.330125
SMB3_Underwater_Hurry,3.993708,27.955146
SMB3_Underwater_Moon_Hurry,3.993479,27.954917
SMB3_Underwater_Moon,5.311167,56.284646
SMB3_Woods_Edit,6.4,57.6
SMW_Airship_Edit,10.551813,98.551812
SMW_Airship,7.999958,95.999958
SMW_Airship_Hurry,5.999958,71.999938
SMW_Airship_Moon_Hurry,5.999958,71.999938
SMW_Airship_Moon,7.999958,95.999958
SMW_Athletic_Edit,1.51325,37.831021
SMW_Athletic,1.51325,37.831021
SMW_Athletic_Hurry,1.311479,32.786875
SMW_Athletic_Moon_Hurry,1.311479,32.786875
SMW_Athletic_Moon,1.51325,37.831021
SMW_Castle_Edit,76.765125,123.240875
SMW_Castle,76.747479,123.223229
SMW_Castle_Hurry,53.167708,85.812146
SMW_Castle_Moon_Hurry,53.167708,85.812146
SMW_Castle_Moon,76.747479,123.223229
SMW_Desert_Edit,7.2,64.8
SMW_Desert,4.8,62.4
SMW_Desert_Hurry,5.538458,49.846167
SMW_Desert_Moon_Hurry,5.538458,49.846167
SMW_Desert_Moon,4.8,62.4
SMW_GhostHouse_Edit,25.806146,108.386813
SMW_GhostHouse,25.806146,108.386813
SMW_GhostHouse_Hurry,16.842104,70.736833
SMW_GhostHouse_Moon_Hurry,16.842104,70.736833
SMW_GhostHouse_Moon,25.806438,108.387104
SMW_Otoasobi_Bonus,3.040688,33.232844
SMW_Otoasobi_BonusHurry,2.621719,28.768594
SMW_Otoasobi_Boss,2.1735,48.368156
SMW_Otoasobi_BossHurry,5.849406,44.506437
SMW_Otoasobi_LastBoss,2.820344,41.59425
SMW_Otoasobi_LastBossHurry,2.279906,35.694906
SMW_Otoasobi_LastBossIcon,3.1e-05,3.233594
SMW_Ground_Edit,11.580813,50.691896
SMW_Ground,11.580813,50.691896
SMW_Ground_Hurry,7.927062,41.136333
SMW_Ground_Moon_Hurry,7.927062,41.136333
SMW_Ground_Moon,19.556292,58.667375
SMW_Pswitch_hurry,14.738219,16.043875
SMW_Snow_Edit,3.695708,51.695708
SMW_Snow,3.692312,51.692312
SMW_Snow_Hurry,2.320417,42.580604
SMW_Snow_Moon_Hurry,2.320417,42.580604
SMW_Snow_Moon,3.692312,51.692312
SMW_Star_hurry,2.933094,5.871656
SMW_Switch,10.398719,11.930281
SMW_Underground_Edit,11.244625,49.431125
SMW_Underground,11.244625,49.431125
SMW_Underground_Hurry,8.785875,38.602167
SMW_Underground_Moon_Hurry,8.785875,38.602167
SMW_Underground_Moon,11.244625,49.431125
SMW_Underwater_Edit,7.786958,53.861938
SMW_Underwater,7.786958,53.861938
SMW_Underwater_Hurry,3.529271,42.161563
SMW_Underwater_Moon_Hurry,3.537583,42.169875
SMW_Underwater_Moon,7.792937,53.867917
SMW_Woods_Edit,6.564792,58.928417
SMW_Woods,4.363646,56.727271
SMW_Woods_Hurry,3.428562,44.571438
SMW_Woods_Moon_Hurry,3.428562,44.571438
SMW_Woods_Moon,4.363646,56.727271
NSMBU_Airship_Edit,12.521708,79.304333
NSMBU_Airship,12.521688,79.304312
NSMBU_Airship_Hurry,3.111479,60.000375
NSMBU_Airship_Moon_Hurry,3.111104,60.0
NSMBU_Airship_Moon,12.521729,79.304354
NSMBU_Athletic_Edit,3.870958,40.645146
NSMBU_Athletic,3.870958,40.645146
NSMBU_Athletic_Hurry,3.625479,34.2295
NSMBU_Athletic_Moon_Hurry,6.442938,37.046958
NSMBU_Athletic_Moon,7.741937,44.516125
NSMBU_Castle_Edit,17.479833,85.513083
NSMBU_Castle_Edit_Lesson,17.480313,85.513563
NSMBU_Castle,17.479833,85.513083
NSMBU_Castle_Hurry,4.28275,66.0025
NSMBU_Castle_Moon_Hurry,4.3155,66.03525
NSMBU_Castle_Moon,17.497729,85.530979
NSMBU_Desert_Edit,8.999542,61.363188
NSMBU_Desert,8.999542,61.363188
NSMBU_Desert_Hurry,15.684688,59.321062
NSMBU_Desert_Moon_Hurry,15.684688,59.321062
NSMBU_Desert_Moon,8.999542,61.363188
NSMBU_GhostHouse_Edit,12.487562,65.288438
NSMBU_GhostHouse_Edit_Lesson,9.6,62.400875
NSMBU_GhostHouse,12.487562,65.288438
NSMBU_GhostHouse_Hurry,7.993333,51.956708
NSMBU_GhostHouse_Moon_Hurry,7.993333,51.956708
NSMBU_GhostHouse_Moon,12.487562,65.288438
NSMBU_Otoasobi_Bonus,1.548844,29.419656
NSMBU_Otoasobi_BonusHurry,2.947938,27.919062
NSMBU_Otoasobi_Boss,8.76225,76.079281
NSMBU_Otoasobi_BossHurry,7.403344,64.309125
NSMBU_Otoasobi_LastBoss,10.164833,51.455167
NSMBU_Otoasobi_LastBossHurry,9.465833,43.751521
NSMBU_Ground_Edit,4.363625,45.818146
NSMBU_Ground_Edit_Lesson,4.363542,45.818063
NSMBU_Ground,4.363625,45.818146
NSMBU_Ground_Hurry,4.889,39.434438
NSMBU_Ground_Moon_Hurry,4.889,39.434438
NSMBU_Ground_Moon,4.363625,45.818146
NSMBU_STAR,3.358094,10.071625
NSMBU_STAR_HURRY,0.017812,5.9265
NSMBU_Snow_Edit,5.454521,46.909083
NSMBU_Snow,5.454521,46.909083
NSMBU_Snow_Hurry,4.887187,39.432583
NSMBU_Snow_Moon_Hurry,4.887187,39.432583
NSMBU_Snow_Moon,5.454521,46.909083
NSMBU_Underground_Edit,9.896896,69.278333
NSMBU_Underground,9.896896,69.278333
NSMBU_Underground_Hurry,4.137937,53.793104
NSMBU_Underground_Moon_Hurry,4.137937,53.793104
NSMBU_Underground_Moon,9.896896,69.278333
NSMBU_Underwater_Edit,11.550875,88.556146
NSMBU_Underwater_Edit_Lesson,11.550812,88.556083
NSMBU_Underwater,11.550854,88.556125
NSMBU_Underwater_Hurry,14.048521,49.155104
NSMBU_Underwater_Moon_Hurry,14.048521,49.155104
NSMBU_Underwater_Moon,11.550854,88.556125
NSMBU_Woods_Edit,4.265146,64.265125
NSMBU_Woods,4.265146,64.265125
NSMBU_Woods_Moon,4.265146,64.265125
